iteration;car;ebike;escoot
0;1.0;0.0;0.0
1;0.85;0.08166666666666667;0.06833333333333333
2;0.7391666666666666;0.14333333333333334;0.1175
3;0.6525;0.18666666666666668;0.16083333333333333
