iteration;avg_executed;avg_worst;avg_average;avg_best
0;139.17813180764455;139.17813180764455;139.17813180764455;139.17813180764455
1;138.05520121769726;138.05520121769726;138.34545596961013;138.6357107215232
2;137.67173680850968;137.62620462154226;138.12594902760654;138.62257254577588
3;137.39859138183166;137.24767104624434;137.94343752181086;138.61659694518653
