ITERATION;avg. Average Leg distance;avg. Average Trip distance
0;4355.9775;4355.9775
1;4446.053548749999;4446.053548749999
2;4553.932308333333;4553.932308333333
3;4609.1499725;4609.1499725
